{"cameraMode":{"drawMode":0,"name":"Shaded","section":"Shading Mode"},"sceneLighting":true,"audioPlay":false,"sceneViewState":{"m_AlwaysRefresh":false,"showFog":true,"showSkybox":true,"showFlares":true,"showImageEffects":true,"showParticleSystems":true,"showVisualEffectGraphs":true,"m_FxEnabled":true},"in2DMode":false,"pivot":{"x":-0.00007544085383415222,"y":2.6580822467803957,"z":0.021112442016601564},"rotation":{"x":-0.14727698266506196,"y":0.26131772994995119,"z":-0.04038088023662567,"w":-0.9531122446060181},"size":7.080878257751465,"orthographic":false}